10010	IGNORE	Cookie No HttpOnly Flag — CSRF_COOKIE_HTTPONLY=True set in settings.py; pending production deploy; Cloudflare-served 404s will never carry Django headers
10017	IGNORE	Cross-Domain JS Inclusion — Cloudflare injects cdn-cgi scripts; not application code
10021	IGNORE	X-Content-Type-Options — only missing on Cloudflare cdn-cgi paths we do not control
10035	IGNORE	HSTS Not Set — only missing on Cloudflare cdn-cgi paths we do not control
10038	IGNORE	CSP Not Set — SecurityHeadersMiddleware added; pending production deploy; Cloudflare 404s (robots.txt, sitemap.xml) bypass Django middleware
10049	IGNORE	Non-Storable Content — expected on auth/redirect pages; not a vulnerability
10063	IGNORE	Permissions Policy Not Set — SecurityHeadersMiddleware added; pending production deploy; Cloudflare 404s bypass Django middleware
10096	IGNORE	Timestamp Disclosure - Unix — low-risk; epoch times in webhook documentation examples
10109	IGNORE	Modern Web Application — informational; ZAP cannot spider the HTMX/Alpine SPA
10111	IGNORE	Authentication Request Identified — informational
10112	IGNORE	Session Management Response Identified — informational
90003	IGNORE	Sub Resource Integrity Missing — only on Cloudflare cdn-cgi scripts we do not control
90004	IGNORE	COEP Header Missing — COEP require-corp breaks Cloudflare cdn-cgi resources
10031	IGNORE	User Controllable HTML Attribute — Django login form reflects next param by design; redirect is same-origin validated
10015	IGNORE	Re-examine Cache-control — public marketing pages intentionally cacheable
